{"vulnerabilities": {"callstack": false, "reentrancy": true, "time_dependency": false, "integer_overflow": [], "integer_underflow": [], "money_concurrency": true}, "file_path": "top1000/0x3714e5671be406fc1920351984f4429237831477.json", "evm_code_coverage": 0.861878453038674, "time": 0.6101679801940918}