{"vulnerabilities": {"callstack": true, "reentrancy": false, "time_dependency": false, "integer_overflow": [], "integer_underflow": [], "money_concurrency": false}, "file_path": "top1000/0x0000000071e801062eb0544403f66176bba42dc0.json", "evm_code_coverage": 0.0033246259795772976, "time": 0.39406299591064453}