{"vulnerabilities": {"callstack": ["temp/tmp41:85:18: Warning: Callstack Depth Attack Vulnerability.\n                 creator.send(collectedFees)", "temp/tmp41:74:26: Warning: Callstack Depth Attack Vulnerability.\n                         participants[payoutOrder].etherAddress.send(payoutToSend)", "temp/tmp41:95:18: Warning: Callstack Depth Attack Vulnerability.\n                 creator.send(_amt)", "temp/tmp41:103:18: Warning: Callstack Depth Attack Vulnerability.\n                 creator.send(feesToCollect)"], "reentrancy": [], "assertion_failure": [], "time_dependency": [], "integer_overflow": ["temp/tmp41:141:34: Warning: Integer Overflow.\n                 balancePayout = participants[payoutOrder]\nInteger Overflow occurs if:\n    payoutOrder = 14474011154664524427946373126085988481658748083205070504932198000989141204992\n    participants[payoutOrder] = 14474011154664524427946373126085988481658748083205070504932198000989141204993", "temp/tmp41:141:34: Warning: Integer Overflow.\n                 balancePayout = participants[payoutOrder].payout\nInteger Overflow occurs if:\n    payoutOrder = 0\n    participants[payoutOrder] = 1", "temp/tmp41:159:35: Warning: Integer Overflow.\n                         Payout = participants[orderInPyramid]\nInteger Overflow occurs if:\n    orderInPyramid = 33554427\n    participants.length = 115792089237316195423570985008687907851908855197956810185604085578185788358656", "temp/tmp41:158:36: Warning: Integer Overflow.\n                         Address = participants[orderInPyramid]\nInteger Overflow occurs if:\n    orderInPyramid = 33554427\n    participants.length = 115792089237316195423570985008687907851908855197956810185604085578185788358656", "temp/tmp41:159:35: Warning: Integer Overflow.\n                         Payout = participants[orderInPyramid].payout\nInteger Overflow occurs if:\n    orderInPyramid = 33554427\n    participants.length = 115792089237316195423570985008687907851908855197956810185604085578185788358656"], "parity_multisig_bug_2": [], "integer_underflow": ["temp/tmp41:153:26: Warning: Integer Underflow.\n                 count = participants.length - payoutOrder\nInteger Underflow occurs if:\n    participants.length = 0\n    payoutOrder = 1"], "money_concurrency": []}, "file_path": "dataset/access_control/rubixi.sol", "evm_code_coverage": 0.6690273843248348, "time": 2.987044095993042}