{"vulnerabilities": {"callstack": [], "reentrancy": [], "assertion_failure": [], "time_dependency": [], "integer_overflow": ["temp/tmp144:72:13: Warning: Integer Overflow.\n            Holders[msg.sender]+=msg.value\nInteger Overflow occurs if:\n    Holders[msg.sender] = 70036696666780064463973016200043117429077326574545407627672066683247125486415\n    MinDeposit = 69722843986276191112704802276904042686523943500539225692285358676886601247599"], "parity_multisig_bug_2": [], "integer_underflow": [], "money_concurrency": []}, "file_path": "dataset/unchecked_low_level_calls/0x8fd1e427396ddb511533cf9abdbebd0a7e08da35.sol", "evm_code_coverage": 0.9989035087719298, "time": 2.287014961242676}