{"vulnerabilities": {"callstack": [], "reentrancy": ["temp/tmp152:133:2: Warning: Re-Entrancy Vulnerability.\n\towner.call.value(1 wei)()"], "assertion_failure": [], "time_dependency": [], "integer_overflow": ["temp/tmp152:22:1: Warning: Integer Overflow.\naddress[] public players", "temp/tmp152:28:1: Warning: Integer Overflow.\nuint256[] public balance", "temp/tmp152:27:1: Warning: Integer Overflow.\nuint256[] public seed = [951828771,158769871220]", "temp/tmp152:110:2: Warning: Integer Overflow.\n\tseed[_index]\nInteger Overflow occurs if:\n    _index = 105782898658114362639998236590588058411517566113314665475433552748888561006558\n    seed[_index] = 105782898658114362639998236590588058411517566113314665475433552748888561006559\n    approvedPlayers[msg.sender] = 255", "temp/tmp152:14:1: Warning: Integer Overflow.\ncontract DrainMe {\r\n^\nSpanning multiple lines.\nInteger Overflow occurs if:\n    _add = 31769636791936532929661760715285583354076941682947407161600322099437000056172\n    approvedPlayers[msg.sender] = 255"], "parity_multisig_bug_2": [], "integer_underflow": ["temp/tmp152:86:40: Warning: Integer Underflow.\n    bytes32 hash = keccak256(blockhash(block.number-1\nInteger Underflow occurs if:\n    owner = 0\n    approvedPlayers[msg.sender] = 255"], "money_concurrency": [["temp/tmp152:100:2: Warning: Transaction-Ordering Dependency.\n\tfirstTarget.call.value(msg.value)()"], ["temp/tmp152:106:2: Warning: Transaction-Ordering Dependency.\n\tsecondTarget.call.value(msg.value)()"]]}, "file_path": "dataset/unchecked_low_level_calls/0xb620cee6b52f96f3c6b253e6eea556aa2d214a99.sol", "evm_code_coverage": 0.9009100101112234, "time": 4.739897012710571}