{"vulnerabilities": {"callstack": [], "reentrancy": [], "assertion_failure": [], "time_dependency": [], "integer_overflow": ["temp/tmp72:22:19: Warning: Integer Overflow.\n            array[numElements++\nInteger Overflow occurs if:\n    numElements = 115792089237316195423570985008687907853269984665640564039457584007913129639935\n    array.length = 0\n    numbers = 115792089237316195423570985008687907853269984665640564039457584007913129639935", "temp/tmp72:9:1: Warning: Integer Overflow.\ncontract DosNumber {\n^\nSpanning multiple lines.\nInteger Overflow occurs if:\n    numElements = 57896044618658097711785492504343953926634992332820282019728792003956564819968"], "parity_multisig_bug_2": [], "integer_underflow": [], "money_concurrency": []}, "file_path": "dataset/denial_of_service/dos_number.sol", "evm_code_coverage": 0.800383877159309, "time": 2.1100189685821533}