{"vulnerabilities": {"callstack": [], "reentrancy": [], "assertion_failure": [], "time_dependency": [], "integer_overflow": ["temp/tmp29:24:17: Warning: Integer Overflow.\n         return map[key]\nInteger Overflow occurs if:\n    key = 105782898658114362639998236590588058411517566113314665475433552748888561006558\n    map[key] = 105782898658114362639998236590588058411517566113314665475433552748888561006559", "temp/tmp29:20:10: Warning: Integer Overflow.\n         map[key]\nInteger Overflow occurs if:\n    key = 105782898658114362639998236590588058411517566113314665475433552748888561006558\n    map.length = 105782898658114362639998236590588058411517566113314665475433552748888561006559"], "parity_multisig_bug_2": [], "integer_underflow": [], "money_concurrency": []}, "file_path": "dataset/access_control/mapping_write.sol", "evm_code_coverage": 0.8071428571428572, "time": 0.9509367942810059}