{"vulnerabilities": {"callstack": [], "reentrancy": ["temp/tmp88:94:16: Warning: Re-Entrancy Vulnerability.\n            if(_addr.call.value(_wei)()"], "assertion_failure": [], "time_dependency": [], "integer_overflow": ["temp/tmp88:71:13: Warning: Integer Overflow.\n            Holders[msg.sender]+=msg.value\nInteger Overflow occurs if:\n    Holders[msg.sender] = 96943655105911162741802056509404709410348723981800351264466039153235703480681\n    MinDeposit = 31769636791936532929661760715285583354076941682947407161600322099437000056172"], "parity_multisig_bug_2": [], "integer_underflow": ["temp/tmp88:96:17: Warning: Integer Underflow.\n                Holders[_addr]-=_wei\nInteger Underflow occurs if:\n    Holders[_addr] = 57896044618658097708646941636650613544717097621216448811677614281724547563518\n    _wei = 57896044618658097711785492504343953926634992332820282019728792003956564819968\n    owner = 0"], "money_concurrency": []}, "file_path": "dataset/reentrancy/0x627fa62ccbb1c1b04ffaecd72a53e37fc0e17839.sol", "evm_code_coverage": 0.9988399071925754, "time": 2.5463130474090576}