{"vulnerabilities": {"callstack": [], "reentrancy": [], "assertion_failure": [], "time_dependency": [], "integer_overflow": ["temp/tmp37:329:9: Warning: Integer Overflow.\n        pending.ownersDone\nInteger Overflow occurs if:\n    m_ownerIndex[uint(msg.sender)] = 115792089237316195423570985008687907853269984665640564039457584007913129639935", "temp/tmp37:321:16: Warning: Integer Overflow.\n        delete m_pendingIndex[m_pending[_operation].index]\nInteger Overflow occurs if:\n    m_pending[_operation].index = 105782898658114362639998236590588058411517566113314665475433552748888561006558\n    m_pendingIndex[m_pending[_operation].index] = 105782898658114362639998236590588058411517566113314665475433552748888561006559\n    m_ownerIndex[uint(msg.sender)] = 115792089237316195423570985008687907853269984665640564039457584007913129639935", "temp/tmp37:309:7: Warning: Integer Overflow.\n      pending.ownersDone\nInteger Overflow occurs if:\n    m_ownerIndex[uint(msg.sender)] = 115792089237316195423570985008687907853269984665640564039457584007913129639935", "temp/tmp37:321:31: Warning: Integer Overflow.\n        delete m_pendingIndex[m_pending[_operation].index\nInteger Overflow occurs if:\n    m_ownerIndex[uint(msg.sender)] = 115792089237316195423570985008687907853269984665640564039457584007913129639935", "temp/tmp37:166:55: Warning: Integer Overflow.\n  function removeOwner(address _owner) onlymanyowners(sha3(msg.data)", "temp/tmp37:310:23: Warning: Integer Overflow.\n      pending.index = m_pendingIndex.length++\nInteger Overflow occurs if:\n    m_pendingIndex.length = 115792089237316195423570985008687907853269984665640564039457584007913129639935\n    m_ownerIndex[uint(msg.sender)] = 115792089237316195423570985008687907853269984665640564039457584007913129639935", "temp/tmp37:316:9: Warning: Integer Overflow.\n    if (pending.ownersDone\nInteger Overflow occurs if:\n    m_ownerIndex[uint(msg.sender)] = 115792089237316195423570985008687907853269984665640564039457584007913129639935"], "parity_multisig_bug_2": [], "integer_underflow": [], "money_concurrency": []}, "file_path": "dataset/access_control/parity_wallet_bug_2.sol", "evm_code_coverage": 0.1865315852205006, "time": 3.188552141189575}