{"vulnerabilities": {"callstack": [], "reentrancy": [], "assertion_failure": [], "time_dependency": [], "integer_overflow": ["temp/tmp114:21:10: Warning: Integer Overflow.\n         balances[to] += amount\nInteger Overflow occurs if:\n    balances[to] = 85653202831209899131921273706816539903532775246499202405936884825549521553152\n    balances[msg.sender] = 44369063854674067291029404066660873444229566625561754964912869797988903417852"], "parity_multisig_bug_2": [], "integer_underflow": [], "money_concurrency": []}, "file_path": "dataset/short_addresses/short_address_example.sol", "evm_code_coverage": 0.9967637540453075, "time": 1.5835380554199219}