{"vulnerabilities": {"callstack": [], "reentrancy": [], "assertion_failure": [], "time_dependency": [], "integer_overflow": [], "parity_multisig_bug_2": [], "integer_underflow": ["temp/tmp116:35:16: Warning: Integer Underflow.\n    owner.send(this.balance-1 ether\nInteger Underflow occurs if:\n    jackpot = 57896044618658097711785492504343953926634992332820282019728792003956564819968\n    ONE_MINUTE = 0\n    lastInvestmentTimestamp = 115792089237316195423570985008687907853269984665640564039457584007913129639935"], "money_concurrency": []}, "file_path": "dataset/time_manipulation/governmental_survey.sol", "evm_code_coverage": 0.9114173228346457, "time": 0.8870930671691895}