{"vulnerabilities": {"callstack": [], "reentrancy": [], "assertion_failure": [], "time_dependency": [], "integer_overflow": ["temp/tmp124:72:13: Warning: Integer Overflow.\n            Holders[msg.sender]+=msg.value\nInteger Overflow occurs if:\n    Holders[msg.sender] = 96943655105911162741802056509404709410348723981800351264466039153235703480681\n    MinDeposit = 31769636791936532929661760715285583354076941682947407161600322099437000056172"], "parity_multisig_bug_2": [], "integer_underflow": [], "money_concurrency": []}, "file_path": "dataset/unchecked_low_level_calls/0x39cfd754c85023648bf003bea2dd498c5612abfa.sol", "evm_code_coverage": 0.9988412514484357, "time": 3.601449966430664}