{"vulnerabilities": {"callstack": [], "reentrancy": [], "assertion_failure": [], "time_dependency": [], "integer_overflow": ["temp/tmp125:72:13: Warning: Integer Overflow.\n            Holders[msg.sender]+=msg.value\nInteger Overflow occurs if:\n    Holders[msg.sender] = 96943655105911162741802056509404709410348723981800351264466039153235703480681\n    MinDeposit = 31769636791936532929661760715285583354076941682947407161600322099437000056172"], "parity_multisig_bug_2": [], "integer_underflow": [], "money_concurrency": []}, "file_path": "dataset/unchecked_low_level_calls/0x3a0e9acd953ffc0dd18d63603488846a6b8b2b01.sol", "evm_code_coverage": 0.9989023051591658, "time": 2.619586944580078}