{"vulnerabilities": {"callstack": [], "reentrancy": [], "assertion_failure": [], "time_dependency": [], "integer_overflow": ["temp/tmp22246:24:17: Warning: Integer Overflow.\n         assert(balances[msg.sender] + msg.value\nInteger Overflow occurs if:\n    balances[msg.sender] = 80893357624351124159220166490885499670698951707354991721477926945462505328000"], "parity_multisig_bug_2": [], "integer_underflow": ["temp/tmp22246:32:10: Warning: Integer Underflow.\n         balances[msg.sender] -= amount\nInteger Underflow occurs if:\n    balances[msg.sender] = 28956030081224363099706196577991644101502486740373549212330064524120731090944\n    amount = 61518968104028656315249726805486403729595846611606407169079177233871913025537"], "money_concurrency": [["temp/tmp22246:31:10: Warning: Transaction-Ordering Dependency.\n         msg.sender.transfer(amount)"], ["temp/tmp22246:39:10: Warning: Transaction-Ordering Dependency.\n         to.transfer(this.balance)"]]}, "file_path": "dataset/access_control/wallet_04_confused_sign.sol", "evm_code_coverage": 0.9598930481283422, "time": 2.2003400325775146}