{"vulnerabilities": {"callstack": [], "reentrancy": [], "assertion_failure": [], "time_dependency": [], "integer_overflow": ["temp/tmp22246:14:10: Warning: Integer Overflow.\n         sellerBalance += value\nInteger Overflow occurs if:\n    value = 46249043981609762535682694857493533440481941432211580157029417641359385305088\n    sellerBalance = 73391362892991948668073177237252831513508408612158405751985565756770182242304"], "parity_multisig_bug_2": [], "integer_underflow": [], "money_concurrency": []}, "file_path": "dataset/arithmetic/integer_overflow_1.sol", "evm_code_coverage": 0.9901960784313726, "time": 0.6244149208068848}