{"vulnerabilities": {"callstack": [], "reentrancy": [], "assertion_failure": [], "time_dependency": [], "integer_overflow": ["temp/tmp22246:14:9: Warning: Integer Overflow.\n        balance += deposit\nInteger Overflow occurs if:\n    balance = 73391362892991948668073177237252831513508408612158405751985565756770182242304\n    deposit = 46249043981609762535682694857493533440481941432211580157029417641359385305088"], "parity_multisig_bug_2": [], "integer_underflow": [], "money_concurrency": []}, "file_path": "dataset/arithmetic/overflow_simple_add.sol", "evm_code_coverage": 0.9917355371900827, "time": 0.6820499897003174}