{"vulnerabilities": {"callstack": [], "reentrancy": [], "assertion_failure": [], "time_dependency": [], "integer_overflow": ["temp/tmp22246:18:9: Warning: Integer Overflow.\n        count += input\nInteger Overflow occurs if:\n    input = 60850212924552944780129008828826305391840711765114167108751999290759312331904\n    count = 80893357624351124159220166490885499670698951707354991721477926945462505328000", "temp/tmp22246:36:20: Warning: Integer Overflow.\n        uint res = count + input\nInteger Overflow occurs if:\n    input = 46249043981609762535682694857493533440481941432211580157029417641359385305088\n    count = 73391362892991948668073177237252831513508408612158405751985565756770182242304"], "parity_multisig_bug_2": [], "integer_underflow": ["temp/tmp22246:48:20: Warning: Integer Underflow.\n       \tuint res = count - input\nInteger Underflow occurs if:\n    input = 1\n    count = 0", "temp/tmp22246:30:9: Warning: Integer Underflow.\n        count -= input\nInteger Underflow occurs if:\n    input = 1\n    count = 0"], "money_concurrency": []}, "file_path": "dataset/arithmetic/overflow_single_tx.sol", "evm_code_coverage": 0.9974554707379135, "time": 1.6468780040740967}