{"vulnerabilities": {"callstack": [], "reentrancy": [], "assertion_failure": [], "time_dependency": [], "integer_overflow": ["temp/tmp22246:11:2: Warning: Integer Overflow.\n contract Map {\n ^\nSpanning multiple lines.\nInteger Overflow occurs if:\n    key = 115792089237316195423570985008687907853269984665640564039457584007913129639935\n    map.length = 115225814106016003209213740800481312041486503188223335070791006802928140615679", "temp/tmp22246:17:27: Warning: Integer Overflow.\n             map.length = key + 1\nInteger Overflow occurs if:\n    key = 115792089237316195423570985008687907853269984665640564039457584007913129639935\n    map.length = 7095657706321214995563414444388643295707793996339648182683187094901688885244", "temp/tmp22246:20:10: Warning: Integer Overflow.\n         map[key]\nInteger Overflow occurs if:\n    key = 43423263714629204268788222397374412802352881004540606965761900110812014444544\n    map.length = 43509618373345256847389889145324077114973871761101709495518883283875303260287", "temp/tmp22246:24:17: Warning: Integer Overflow.\n         return map[key]\nInteger Overflow occurs if:\n    key = 63380448335671751319832647651398074448601417903656947545676161556862197563392\n    map[key] = 63436987441744659618379313171421849931802759750602887022425370719715913109761"], "parity_multisig_bug_2": [], "integer_underflow": [], "money_concurrency": []}, "file_path": "dataset/access_control/mapping_write.sol", "evm_code_coverage": 0.9809523809523809, "time": 15.587342023849487}