{"vulnerabilities": {"callstack": [], "reentrancy": ["temp/tmp22246:94:16: Warning: Re-Entrancy Vulnerability.\n            if(_addr.call.value(_wei)()"], "assertion_failure": [], "time_dependency": [], "integer_overflow": ["temp/tmp22246:71:13: Warning: Integer Overflow.\n            Holders[msg.sender]+=msg.value\nInteger Overflow occurs if:\n    Holders[msg.sender] = 61542968814369932819302987409453780949810772675949061127123494099783771389952\n    MinDeposit = 0"], "parity_multisig_bug_2": [], "integer_underflow": ["temp/tmp22246:96:17: Warning: Integer Underflow.\n                Holders[_addr]-=_wei\nInteger Underflow occurs if:\n    owner = 0\n    _wei = 57896044618658097711785492504343953926634992332820282019728792003956564819969\n    Holders[_addr] = 57896044618658097711785492504343953926634992332820282019728792003956564819968"], "money_concurrency": []}, "file_path": "dataset/reentrancy/0x627fa62ccbb1c1b04ffaecd72a53e37fc0e17839.sol", "evm_code_coverage": 0.9988399071925754, "time": 3.023048162460327}