{"vulnerabilities": {"callstack": [], "reentrancy": ["temp/tmp22908:133:2: Warning: Re-Entrancy Vulnerability.\n\towner.call.value(1 wei)()"], "assertion_failure": [], "time_dependency": [], "integer_overflow": ["temp/tmp22908:2:20: Warning: Integer Overflow.\n * @source: etherscan.io \r\n ^\nSpanning multiple lines.", "temp/tmp22908:14:1: Warning: Integer Overflow.\ncontract DrainMe {\r\n^\nSpanning multiple lines.\nInteger Overflow occurs if:\n    _add = 104408006523894103512082919474901270797845756496358558790432301001344555119206\n    approvedPlayers[msg.sender] = 255", "temp/tmp22908:118:27: Warning: Integer Overflow.\n\treturn (_seed / (seed[0]*seed[1]\nInteger Overflow occurs if:\n    seed[1] = 115792089237316195423570985008687907853269984665640564039457584007913129639934\n    approvedPlayers[msg.sender] = 255", "temp/tmp22908:110:2: Warning: Integer Overflow.\n\tseed[_index]\nInteger Overflow occurs if:\n    approvedPlayers[msg.sender] = 1\n    _index = 114039582278151481443048874417856838800509962477360301273712524664462410846508\n    seed[_index] = 115438925190525888587290429983628954690320281857064847201785452266820805328894", "temp/tmp22908:28:1: Warning: Integer Overflow.\nuint256[] public balance", "temp/tmp22908:27:1: Warning: Integer Overflow.\nuint256[] public seed = [951828771,158769871220]", "temp/tmp22908:22:1: Warning: Integer Overflow.\naddress[] public players", "temp/tmp22908:73:2: Warning: Integer Overflow.\n\tplayers.push(msg.sender)"], "parity_multisig_bug_2": [], "integer_underflow": ["temp/tmp22908:73:2: Warning: Integer Underflow.\n\tplayers.push(msg.sender)", "temp/tmp22908:86:40: Warning: Integer Underflow.\n    bytes32 hash = keccak256(blockhash(block.number-1\nInteger Underflow occurs if:\n    owner = 0\n    approvedPlayers[msg.sender] = 1"], "money_concurrency": [["temp/tmp22908:100:2: Warning: Transaction-Ordering Dependency.\n\tfirstTarget.call.value(msg.value)()"], ["temp/tmp22908:106:2: Warning: Transaction-Ordering Dependency.\n\tsecondTarget.call.value(msg.value)()"]]}, "file_path": "dataset/unchecked_low_level_calls/0xb620cee6b52f96f3c6b253e6eea556aa2d214a99.sol", "evm_code_coverage": 0.9914054600606673, "time": 43.86212921142578}