{"vulnerabilities": {"callstack": [], "reentrancy": [], "assertion_failure": [], "time_dependency": [], "integer_overflow": ["temp/tmp22804:18:9: Warning: Integer Overflow.\n        balanceOf[_to] += _value\nInteger Overflow occurs if:\n    balanceOf[_to] = 57897811465723081834426074764348261845798578671317439799065379177350356271103\n    balanceOf[msg.sender] = 57896044618658110567289846576266158262331731062121102197352742266299247230976\n    _value = 57896044618605428660205526027326203879773308185528335110630728592943390654465"], "parity_multisig_bug_2": [], "integer_underflow": [], "money_concurrency": []}, "file_path": "dataset/arithmetic/insecure_transfer.sol", "evm_code_coverage": 0.9959349593495935, "time": 1.740494966506958}