{"vulnerabilities": {"callstack": [], "reentrancy": [], "assertion_failure": [], "time_dependency": [], "integer_overflow": ["temp/tmp22814:18:9: Warning: Integer Overflow.\n        count += input\nInteger Overflow occurs if:\n    count = 1\n    input = 115792089237316195423570985008687907853269984665640564039457584007913129639935", "temp/tmp22814:36:20: Warning: Integer Overflow.\n        uint res = count + input\nInteger Overflow occurs if:\n    input = 101899390626783806037295490765068204308122352654189651841593311131125579810884\n    count = 32371359253229829210837324395482629452253063192603397441700599936706675587004"], "parity_multisig_bug_2": [], "integer_underflow": ["temp/tmp22814:48:20: Warning: Integer Underflow.\n       \tuint res = count - input\nInteger Underflow occurs if:\n    count = 0\n    input = 1", "temp/tmp22814:30:9: Warning: Integer Underflow.\n        count -= input\nInteger Underflow occurs if:\n    input = 1\n    count = 0"], "money_concurrency": []}, "file_path": "dataset/arithmetic/overflow_single_tx.sol", "evm_code_coverage": 0.9974554707379135, "time": 11.551053047180176}