{"vulnerabilities": {"callstack": [], "reentrancy": [], "assertion_failure": [], "time_dependency": ["temp/tmp22815:27:10: Warning: Timestamp Dependency.\n         require(now > lockTime[msg.sender])"], "integer_overflow": ["temp/tmp22815:17:33: Warning: Integer Overflow.\n         lockTime[msg.sender] = now + 1 weeks", "temp/tmp22815:22:10: Warning: Integer Overflow.\n         lockTime[msg.sender] += _secondsToIncrease\nInteger Overflow occurs if:\n    _secondsToIncrease = 59565176787969207953509597449500835976278662460128548650069451392048840851729\n    lockTime[msg.sender] = 58377642683492314750482776235051300005278019620607459973160548876807570846127", "temp/tmp22815:16:10: Warning: Integer Overflow.\n         balances[msg.sender] += msg.value\nInteger Overflow occurs if:\n    balances[msg.sender] = 94610272024675436802828674338132342119760646888267491204084084453452893975158"], "parity_multisig_bug_2": [], "integer_underflow": [], "money_concurrency": []}, "file_path": "dataset/arithmetic/timelock.sol", "evm_code_coverage": 0.983640081799591, "time": 4.095979928970337}