{"vulnerabilities": {"callstack": [], "reentrancy": [], "assertion_failure": [], "time_dependency": [], "integer_overflow": ["temp/tmp22783:11:2: Warning: Integer Overflow.\n contract Map {\n ^\nSpanning multiple lines.\nInteger Overflow occurs if:\n    key = 115792089237316195423570985008687907853269984665640564039457584007913129639935\n    map.length = 83225564137636018793200897797657787650276744841381875539315347956597077835776", "temp/tmp22783:17:27: Warning: Integer Overflow.\n             map.length = key + 1\nInteger Overflow occurs if:\n    key = 115792089237316195423570985008687907853269984665640564039457584007913129639935\n    map.length = 15054143804792378056183281713131992696614855508960068390538036947779561762175", "temp/tmp22783:20:10: Warning: Integer Overflow.\n         map[key]\nInteger Overflow occurs if:\n    key = 75555738892541313632851705566464696272292708792883368505251582268653418840080\n    map.length = 75598253682304829022141473756850168773976051518515405027619948430800961142769", "temp/tmp22783:24:17: Warning: Integer Overflow.\n         return map[key]\nInteger Overflow occurs if:\n    key = 105782898658114362639998236590588058411517566113314665475433552748888561006558\n    map[key] = 105782898658114362639998236590588058411517566113314665475433552748888561006559"], "parity_multisig_bug_2": [], "integer_underflow": [], "money_concurrency": []}, "file_path": "dataset/access_control/mapping_write.sol", "evm_code_coverage": 0.9809523809523809, "time": 19.046289205551147}