{"vulnerabilities": {"callstack": ["temp/tmp22864:24:28: Warning: Callstack Depth Attack Vulnerability.\n        (bool success, ) = msg.sender.call.value(amountToWithdraw)(\"\")"], "reentrancy": ["temp/tmp22864:24:28: Warning: Re-Entrancy Vulnerability.\n        (bool success, ) = msg.sender.call.value(amountToWithdraw)(\"\")"], "assertion_failure": [], "time_dependency": [], "integer_overflow": ["temp/tmp22864:16:13: Warning: Integer Overflow.\n            userBalances[to] += amount\nInteger Overflow occurs if:\n    userBalances[msg.sender] = 86844066927987146567678238756515930889952488499230423029593188005934847229952\n    userBalances[to] = 67948109674828261004519789859785074377323685635936113358133463578548356928068"], "parity_multisig_bug_2": [], "integer_underflow": [], "money_concurrency": []}, "file_path": "dataset/reentrancy/reentrancy_cross_function.sol", "evm_code_coverage": 0.9852941176470589, "time": 1.542687177658081}