{"vulnerabilities": {"callstack": [], "reentrancy": [], "assertion_failure": [], "time_dependency": [], "integer_overflow": ["temp/tmp22870:21:10: Warning: Integer Overflow.\n         balances[to] += amount\nInteger Overflow occurs if:\n    balances[msg.sender] = 57896044618658097711785492504343953970191135298700405343040741755222895886336\n    balances[to] = 78949349608757017303960209886278435340920769974789734255519409267754632478718"], "parity_multisig_bug_2": [], "integer_underflow": [], "money_concurrency": []}, "file_path": "dataset/short_addresses/short_address_example.sol", "evm_code_coverage": 0.9967637540453075, "time": 1.5650558471679688}