{"vulnerabilities": {"callstack": [], "reentrancy": [], "assertion_failure": [], "time_dependency": [], "integer_overflow": ["temp/tmp57:17:9: Warning: Integer Overflow.\n        count += input\nInteger Overflow occurs if:\n    input = 58355549115027445785401832354769119051051901299082543451474836440077363134804\n    count = 73125288184324685365655333678309817794689438449935165595400441741294655064408"], "parity_multisig_bug_2": [], "integer_underflow": [], "money_concurrency": []}, "file_path": "dataset/arithmetic/integer_overflow_add.sol", "evm_code_coverage": 0.9917355371900827, "time": 0.5996289253234863}