{"vulnerabilities": {"callstack": [], "reentrancy": [], "assertion_failure": [], "time_dependency": [], "integer_overflow": ["temp/tmp72:58:40: Warning: Integer Overflow.\n             GetBet(bets[i].betAmount, bets[i].blockNumber\nInteger Overflow occurs if:\n    bets.length = 115792089237316195423570985008687907853269984665640564039457584007913129639935\n    organizer = 0", "temp/tmp72:58:61: Warning: Integer Overflow.\n             GetBet(bets[i].betAmount, bets[i].blockNumber, bets[i]\nInteger Overflow occurs if:\n    bets.length = 115792089237316195423570985008687907853269984665640564039457584007913129639935\n    organizer = 0", "temp/tmp72:58:21: Warning: Integer Overflow.\n             GetBet(bets[i]\nInteger Overflow occurs if:\n    bets.length = 115792089237316195423570985008687907853269984665640564039457584007913129639935\n    organizer = 0", "temp/tmp72:58:40: Warning: Integer Overflow.\n             GetBet(bets[i].betAmount, bets[i]\nInteger Overflow occurs if:\n    bets.length = 115792089237316195423570985008687907853269984665640564039457584007913129639935\n    organizer = 0", "temp/tmp72:58:61: Warning: Integer Overflow.\n             GetBet(bets[i].betAmount, bets[i].blockNumber, bets[i].won\nInteger Overflow occurs if:\n    bets.length = 115792089237316195423570985008687907853269984665640564039457584007913129639935\n    organizer = 0"], "parity_multisig_bug_2": [], "integer_underflow": [], "money_concurrency": []}, "file_path": "dataset/bad_randomness/lottery.sol", "evm_code_coverage": 0.7303609341825902, "time": 2.8086860179901123}