{"vulnerabilities": {"callstack": [], "reentrancy": [], "assertion_failure": [], "time_dependency": [], "integer_overflow": ["temp/tmp76:339:47: Warning: Integer Overflow.\n        if(investStart > 1 && block.number >= investStart + (hashesSize * 5)\nInteger Overflow occurs if:\n    investStart = 115792089237316195423570985008687907853269984665640564039457584007913129590784\n    wallets[msg.sender].balance = 205688069665150755269371147819668813122841983204199132186017792"], "parity_multisig_bug_2": [], "integer_underflow": ["temp/tmp76:344:26: Warning: Integer Underflow.\n\t\t        uint period = (block.number - hashFirst\nInteger Underflow occurs if:\n    investStart = 1\n    wallets[msg.sender].balance = 1000000000016384\n    hashFirst = 4194304", "temp/tmp76:345:29: Warning: Integer Underflow.\n                if(period > dividends.length - 2\nInteger Underflow occurs if:\n    investStart = 1\n    wallets[msg.sender].balance = 1000000000016384\n    dividends.length = 1\n    hashFirst = 115792089237316195423570985008687907853269984665640564039457584007913129639935", "temp/tmp76:364:13: Warning: Integer Underflow.\n            walletBalance -= balance\nInteger Underflow occurs if:\n    walletBalance = 0\n    investStart = 1\n    wallets[msg.sender].balance = 26959946667150639794667015087019630673637144422540572481103610249217", "temp/tmp76:723:23: Warning: Integer Underflow.\n        uint delta = (_block - hashFirst\nInteger Underflow occurs if:\n    hashFirst = 4294803459\n    investStart = 115792089237316195423570985008687907853269984665640564039457584007913129639935"], "money_concurrency": [["temp/tmp76:382:13: Warning: Transaction-Ordering Dependency.\n            msg.sender.transfer(maxpay)"], ["temp/tmp76:372:13: Warning: Transaction-Ordering Dependency.\n            msg.sender.transfer(_amount)"]]}, "file_path": "dataset/bad_randomness/smart_billions.sol", "evm_code_coverage": 0.1550574084199016, "time": 103.66266918182373}