{"vulnerabilities": {"callstack": ["temp/tmp171:30:9: Warning: Callstack Depth Attack Vulnerability.\n        _dst.call.value(_value)(_data)"], "reentrancy": [], "assertion_failure": [], "time_dependency": [], "integer_overflow": ["temp/tmp171:79:13: Warning: Integer Overflow.\n            transfers[offset + i].amount\nInteger Overflow occurs if:\n    transfers.length = 5937258019901521755925992201777644510756779283572235711874479844731427654623\n    owner = 0\n    next = 0", "temp/tmp171:73:28: Warning: Integer Overflow.\n        transfers.length = transfers.length + data.length\nInteger Overflow occurs if:\n    transfers.length = 62149785545883883764532628038099594539699423816128020014950451085912128391666\n    owner = 0\n    next = 0", "temp/tmp171:78:13: Warning: Integer Overflow.\n            transfers[offset + i]\nInteger Overflow occurs if:\n    transfers.length = 14520251947091439884022710695107324016650681585530421415848993940692183033856\n    owner = 0\n    next = 0", "temp/tmp171:39:1: Warning: Integer Overflow.\ncontract TokenSender is Owned {\r\n^\nSpanning multiple lines.\nInteger Overflow occurs if:\n    transfers.length = 52056490477829750988223357999026816000982901507032258925866135028915059538629\n    owner = 0\n    next = 0", "temp/tmp171:79:13: Warning: Integer Overflow.\n            transfers[offset + i]\nInteger Overflow occurs if:\n    transfers.length = 5937258019901521755925992201777644510756779283572235711874479844731427654623\n    owner = 0\n    next = 0", "temp/tmp171:51:5: Warning: Integer Overflow.\n    Transfer[] public transfers", "temp/tmp171:28:5: Warning: Integer Overflow.\n    function execute(address _dst, uint _value, bytes _data) onlyOwner {\r\n    ^\nSpanning multiple lines.", "temp/tmp171:82:9: Warning: Integer Overflow.\n        totalToDistribute += acc\nInteger Overflow occurs if:\n    totalToDistribute = 115792089237316195423570985008687907853269984665622168334326055202284718081132\n    transfers.length = 54876711942467932969665072598002378242504342420176439596254288475617850492951\n    owner = 0\n    next = 0"], "parity_multisig_bug_2": [], "integer_underflow": [], "money_concurrency": []}, "file_path": "dataset/unchecked_low_level_calls/0xec329ffc97d75fe03428ae155fc7793431487f63.sol", "evm_code_coverage": 0.8834720570749108, "time": 38.33691096305847}