{"vulnerabilities": {"callstack": [], "reentrancy": [], "assertion_failure": [], "time_dependency": [], "integer_overflow": ["temp/tmp65:14:9: Warning: Integer Overflow.\n        balance += deposit\nInteger Overflow occurs if:\n    balance = 32371359253229829210837324395482629452253063192603397441700599936706675587004\n    deposit = 101899390626783806037295490765068204308122352654189651841593311131125579810884"], "parity_multisig_bug_2": [], "integer_underflow": [], "money_concurrency": []}, "file_path": "dataset/arithmetic/overflow_simple_add.sol", "evm_code_coverage": 0.9917355371900827, "time": 0.6683030128479004}