{"vulnerabilities": {"callstack": [], "reentrancy": ["temp/tmp7073:94:16: Warning: Re-Entrancy Vulnerability.\n            if(_addr.call.value(_wei)()"], "assertion_failure": [], "time_dependency": [], "integer_overflow": ["temp/tmp7073:72:13: Warning: Integer Overflow.\n            Holders[msg.sender]+=msg.value\nInteger Overflow occurs if:\n    Holders[msg.sender] = 65929741047256877651682590411864111899872006999384988348322359568949901303476\n    MinDeposit = 0"], "parity_multisig_bug_2": [], "integer_underflow": ["temp/tmp7073:96:17: Warning: Integer Underflow.\n                Holders[_addr]-=_wei\nInteger Underflow occurs if:\n    Holders[_addr] = 57896044618658097708646941636650613544717097621216448811677614281724547563518\n    _wei = 57896044618658097711785492504343953926634992332820282019728792003956564819968\n    owner = 0"], "money_concurrency": []}, "file_path": "dataset/unchecked_low_level_calls/0x627fa62ccbb1c1b04ffaecd72a53e37fc0e17839.sol", "evm_code_coverage": 0.9988399071925754, "time": 3.6247849464416504}