{"vulnerabilities": {"callstack": [], "reentrancy": [], "assertion_failure": [], "time_dependency": [], "integer_overflow": ["temp/tmp6999:23:6: Warning: Integer Overflow.\n     balances[_to] += _value\nInteger Overflow occurs if:\n    balances[_to] = 77551179729524462301783183105112586550499157927974880855338699519450450815236\n    _value = 59707291279899606228566388551597020450140304849652621551119100511647703182084"], "parity_multisig_bug_2": [], "integer_underflow": ["temp/tmp6999:22:6: Warning: Integer Underflow.\n     balances[msg.sender] -= _value\nInteger Underflow occurs if:\n    balances[msg.sender] = 0\n    _value = 1"], "money_concurrency": []}, "file_path": "dataset/arithmetic/token.sol", "evm_code_coverage": 0.9877675840978594, "time": 1.2368988990783691}