{"vulnerabilities": {"callstack": ["temp/tmp7017:38:13: Warning: Callstack Depth Attack Vulnerability.\n      res = players[0].addr.send(1800 finney)", "temp/tmp7017:41:13: Warning: Callstack Depth Attack Vulnerability.\n      res = players[1].addr.send(1800 finney)"], "reentrancy": [], "assertion_failure": [], "time_dependency": [], "integer_overflow": ["temp/tmp7017:36:14: Warning: Integer Overflow.\n    uint n = players[0].number+players[1].number\nInteger Overflow occurs if:\n    tot = 36028797018963969\n    players[1].number = 57990350974675815733765385921675561179977156722398309762832884349652523419860\n    players[0].number = 58916018010444286637619001765541766948313631511854779120579875919518511532846"], "parity_multisig_bug_2": [], "integer_underflow": [], "money_concurrency": [["temp/tmp7017:50:16: Warning: Transaction-Ordering Dependency.\n    bool res = msg.sender.send(this.balance)"], ["temp/tmp7017:41:13: Warning: Transaction-Ordering Dependency.\n      res = players[1].addr.send(1800 finney)"]]}, "file_path": "dataset/front_running/odds_and_evens.sol", "evm_code_coverage": 0.9908675799086758, "time": 1.2312428951263428}