{"vulnerabilities": {"callstack": ["temp/tmp7054:34:5: Warning: Callstack Depth Attack Vulnerability.\n    lastInvestor.send(jackpot)", "temp/tmp7054:35:5: Warning: Callstack Depth Attack Vulnerability.\n    owner.send(this.balance-1 ether)"], "reentrancy": [], "assertion_failure": [], "time_dependency": ["temp/tmp7054:31:5: Warning: Timestamp Dependency.\n    if (block.timestamp < lastInvestmentTimestamp+ONE_MINUTE)\n    ^\nSpanning multiple lines."], "integer_overflow": [], "parity_multisig_bug_2": [], "integer_underflow": ["temp/tmp7054:35:16: Warning: Integer Underflow.\n    owner.send(this.balance-1 ether\nInteger Underflow occurs if:\n    ONE_MINUTE = 28041623390732299256325281534512704920975066912775457813399329145366639147059\n    jackpot = 57896044618658097711785492504343953926634992332820282019728792003956564819969\n    lastInvestmentTimestamp = 26231876795887815319509142113204322743844067511650359480548227613436604840210"], "money_concurrency": []}, "file_path": "dataset/time_manipulation/governmental_survey.sol", "evm_code_coverage": 0.9940944881889764, "time": 1.1767771244049072}