{"vulnerabilities": {"callstack": ["temp/tmp17345:85:18: Warning: Callstack Depth Attack Vulnerability.\n                 creator.send(collectedFees)", "temp/tmp17345:74:26: Warning: Callstack Depth Attack Vulnerability.\n                         participants[payoutOrder].etherAddress.send(payoutToSend)", "temp/tmp17345:95:18: Warning: Callstack Depth Attack Vulnerability.\n                 creator.send(_amt)", "temp/tmp17345:103:18: Warning: Callstack Depth Attack Vulnerability.\n                 creator.send(feesToCollect)"], "reentrancy": [], "assertion_failure": [], "time_dependency": [], "integer_overflow": ["temp/tmp17345:141:34: Warning: Integer Overflow.\n                 balancePayout = participants[payoutOrder]\nInteger Overflow occurs if:\n    payoutOrder = 1\n    participants[payoutOrder] = 2", "temp/tmp17345:141:34: Warning: Integer Overflow.\n                 balancePayout = participants[payoutOrder].payout\nInteger Overflow occurs if:\n    payoutOrder = 0\n    participants[payoutOrder] = 1", "temp/tmp17345:159:35: Warning: Integer Overflow.\n                         Payout = participants[orderInPyramid]\nInteger Overflow occurs if:\n    orderInPyramid = 91343852333181432387730302044767688728495783935\n    participants.length = 115792034023345421099060685530549665784733183624381056374320375018990843461632", "temp/tmp17345:158:36: Warning: Integer Overflow.\n                         Address = participants[orderInPyramid]\nInteger Overflow occurs if:\n    orderInPyramid = 91343852333181432387730302044767688728495783935\n    participants.length = 115792034023345421099060685530549665784733183624381056374320375018990843461632", "temp/tmp17345:159:35: Warning: Integer Overflow.\n                         Payout = participants[orderInPyramid].payout\nInteger Overflow occurs if:\n    orderInPyramid = 91343852333181432387730302044767688728495783935\n    participants.length = 115792034023345421099060685530549665784733183624381056374320375018990843461632"], "parity_multisig_bug_2": [], "integer_underflow": ["temp/tmp17345:153:26: Warning: Integer Underflow.\n                 count = participants.length - payoutOrder\nInteger Underflow occurs if:\n    participants.length = 0\n    payoutOrder = 1"], "money_concurrency": []}, "file_path": "dataset/access_control/rubixi.sol", "evm_code_coverage": 0.6690273843248348, "time": 23.540410041809082}