{"vulnerabilities": {"callstack": [], "reentrancy": [], "assertion_failure": [], "time_dependency": [], "integer_overflow": ["temp/tmp17448:72:13: Warning: Integer Overflow.\n            Holders[msg.sender]+=msg.value\nInteger Overflow occurs if:\n    Holders[msg.sender] = 65314490287492175751139894478692978742614281308401506303561811561874598143115\n    MinDeposit = 72371177146209831028846356935375877202266903396833298684350337498414437113859"], "parity_multisig_bug_2": [], "integer_underflow": [], "money_concurrency": []}, "file_path": "dataset/unchecked_low_level_calls/0x8fd1e427396ddb511533cf9abdbebd0a7e08da35.sol", "evm_code_coverage": 0.9989035087719298, "time": 3.2322680950164795}