{"vulnerabilities": {"callstack": [], "reentrancy": [], "assertion_failure": [], "time_dependency": [], "integer_overflow": ["temp/tmp17352:18:9: Warning: Integer Overflow.\n        balanceOf[_to] += _value\nInteger Overflow occurs if:\n    _value = 44369063854674067291029404066660873444229566625561754964912869797988903417852\n    balanceOf[_to] = 85653202831209899131921273706816539903532775246499202405936884825549521553152\n    balanceOf[msg.sender] = 44369063854674067291029404066660873444229566625561754964912869797988903417852"], "parity_multisig_bug_2": [], "integer_underflow": [], "money_concurrency": []}, "file_path": "dataset/arithmetic/insecure_transfer.sol", "evm_code_coverage": 0.9959349593495935, "time": 1.5276150703430176}