{"vulnerabilities": {"callstack": [], "reentrancy": [], "assertion_failure": [], "time_dependency": [], "integer_overflow": ["temp/tmp17376:22:19: Warning: Integer Overflow.\n            array[numElements++\nInteger Overflow occurs if:\n    numElements = 115792089237316195423570985008687907853269984665640564039457584007913129639935\n    array.length = 0\n    numbers = 115792089237316195423570985008687907853269984665640564039457584007913129639935", "temp/tmp17376:9:1: Warning: Integer Overflow.\ncontract DosNumber {\n^\nSpanning multiple lines.\nInteger Overflow occurs if:\n    numElements = 3549", "temp/tmp17376:20:17: Warning: Integer Overflow.\n                array.length += 1\nInteger Overflow occurs if:\n    numbers = 3\n    numElements = 115792089237316195423570985008687907853269984665640564039457584007913129639933\n    array.length = 115792089237316195423570985008687907853269984665640564039457584007913129639935", "temp/tmp17376:22:13: Warning: Integer Overflow.\n            array[numElements++]\nInteger Overflow occurs if:\n    numElements = 5960674330984248774391975918999098501127342531446664637789269402577281726459\n    array.length = 76090260565814513871288374321328223571490526434745817082941639136070770792269\n    numbers = 115792089237316195423570985008687907853269984665640564039457584007913129639935"], "parity_multisig_bug_2": [], "integer_underflow": [], "money_concurrency": []}, "file_path": "dataset/denial_of_service/dos_number.sol", "evm_code_coverage": 0.9001919385796545, "time": 35.670140981674194}