{"vulnerabilities": {"callstack": ["temp/tmp17412:24:28: Warning: Callstack Depth Attack Vulnerability.\n        (bool success, ) = msg.sender.call.value(amountToWithdraw)(\"\")"], "reentrancy": ["temp/tmp17412:24:28: Warning: Re-Entrancy Vulnerability.\n        (bool success, ) = msg.sender.call.value(amountToWithdraw)(\"\")"], "assertion_failure": [], "time_dependency": [], "integer_overflow": ["temp/tmp17412:16:13: Warning: Integer Overflow.\n            userBalances[to] += amount\nInteger Overflow occurs if:\n    userBalances[to] = 85653202831209899131921273706816539903532775246499202405936884825549521553152\n    userBalances[msg.sender] = 44369063854674067291029404066660873444229566625561754964912869797988903417852"], "parity_multisig_bug_2": [], "integer_underflow": [], "money_concurrency": []}, "file_path": "dataset/reentrancy/reentrancy_cross_function.sol", "evm_code_coverage": 0.9852941176470589, "time": 1.8122968673706055}