{"vulnerabilities": {"callstack": false, "reentrancy": false, "time_dependency": true, "integer_overflow": [], "integer_underflow": [], "money_concurrency": true}, "file_path": "top1000/0x1353f846841e8180a354586509457e78594c39fa.json", "evm_code_coverage": 0.45837857401375315, "time": 39.75254511833191}