{"vulnerabilities": {"callstack": [], "reentrancy": [], "assertion_failure": [], "time_dependency": [], "integer_overflow": ["temp/tmp5934:290:5: Warning: Integer Overflow.\n    string public symbol = \"BEC\"", "temp/tmp5934:289:5: Warning: Integer Overflow.\n    string public name = \"BeautyChain\"", "temp/tmp5934:291:5: Warning: Integer Overflow.\n    string public version = '1.0.0'", "temp/tmp5934:261:3: Warning: Integer Overflow.\n  function batchTransfer(address[] _receivers, uint256 _value) public whenNotPaused returns (bool) {\n  ^\nSpanning multiple lines.\nInteger Overflow occurs if:\n    balances[_receivers[i]] = 9915207311960903926776082327483606897915985596407354523933056730575453357187\n    balances[msg.sender] = 100668901230457367798428648759315417441106634609675453501573666456490806703959\n    paused = 0"], "parity_multisig_bug_2": [], "integer_underflow": ["temp/tmp5934:291:5: Warning: Integer Underflow.\n    string public version = '1.0.0'", "temp/tmp5934:271:9: Warning: Integer Underflow.\n        Transfer(msg.sender, _receivers[i], _value)\nInteger Underflow occurs if:\n    balances[_receivers[i]] = 27421470339387821537984257594153262465108432754994289969543795955056890609728\n    balances[msg.sender] = 72369944603982539544022966298139197138265874629523712388983120879388152802676\n    paused = 0", "temp/tmp5934:289:5: Warning: Integer Underflow.\n    string public name = \"BeautyChain\"", "temp/tmp5934:261:3: Warning: Integer Underflow.\n  function batchTransfer(address[] _receivers, uint256 _value) public whenNotPaused returns (bool) {\n  ^\nSpanning multiple lines.\nInteger Underflow occurs if:\n    balances[_receivers[i]] = 48417251336783433618624910967918577320828408974354741973258473386415528950017\n    balances[msg.sender] = 41565767238109198431911769723815752885981395288481379626688347716422589070895\n    paused = 0", "temp/tmp5934:290:5: Warning: Integer Underflow.\n    string public symbol = \"BEC\""], "money_concurrency": []}, "file_path": "dataset/arithmetic/BECToken.sol", "evm_code_coverage": 0.9982929327415501, "time": 132.5258650779724}