{"vulnerabilities": {"callstack": [], "reentrancy": [], "assertion_failure": [], "time_dependency": [], "integer_overflow": ["temp/tmp5936:14:10: Warning: Integer Overflow.\n         sellerBalance += value\nInteger Overflow occurs if:\n    value = 101899390626783806037295490765068204308122352654189651841593311131125579810884\n    sellerBalance = 32371359253229829210837324395482629452253063192603397441700599936706675587004"], "parity_multisig_bug_2": [], "integer_underflow": [], "money_concurrency": []}, "file_path": "dataset/arithmetic/integer_overflow_1.sol", "evm_code_coverage": 0.9901960784313726, "time": 0.824761152267456}