{"vulnerabilities": {"callstack": [], "reentrancy": [], "assertion_failure": [], "time_dependency": [], "integer_overflow": ["temp/tmp5947:25:9: Warning: Integer Overflow.\n        balanceOf[msg.sender] += numTokens\nInteger Overflow occurs if:\n    numTokens = 78032211392988386454262692480457440180262968309295733476925392566685361680384\n    balanceOf[msg.sender] = 95900308263626356017590036124934536333296342620800704808914331801627860693568"], "parity_multisig_bug_2": [], "integer_underflow": [], "money_concurrency": []}, "file_path": "dataset/arithmetic/tokensalechallenge.sol", "evm_code_coverage": 0.978891820580475, "time": 6.810990810394287}