{"vulnerabilities": {"callstack": [], "reentrancy": [], "assertion_failure": [], "time_dependency": [], "integer_overflow": ["temp/tmp5959:22:19: Warning: Integer Overflow.\n            array[numElements++\nInteger Overflow occurs if:\n    numbers = 34359738368\n    numElements = 115792089237316195423570985008687907853269984665640564039457584007913129639935\n    array.length = 128", "temp/tmp5959:9:1: Warning: Integer Overflow.\ncontract DosNumber {\n^\nSpanning multiple lines.\nInteger Overflow occurs if:\n    numElements = 3549", "temp/tmp5959:20:17: Warning: Integer Overflow.\n                array.length += 1\nInteger Overflow occurs if:\n    numbers = 3\n    numElements = 115792089237316195423570985008687907853269984665640564039457584007913129639933\n    array.length = 115792089237316195423570985008687907853269984665640564039457584007913129639935", "temp/tmp5959:22:13: Warning: Integer Overflow.\n            array[numElements++]\nInteger Overflow occurs if:\n    numbers = 34359738368\n    numElements = 101770864785369196899842255970818605937501668029750637312083132824521659433106\n    array.length = 106303347402138631071502357229159796901354552514034868293332035439527510103959"], "parity_multisig_bug_2": [], "integer_underflow": [], "money_concurrency": []}, "file_path": "dataset/denial_of_service/dos_number.sol", "evm_code_coverage": 0.9117082533589251, "time": 184.70263385772705}