{"vulnerabilities": {"callstack": [], "reentrancy": ["temp/tmp5975:94:16: Warning: Re-Entrancy Vulnerability.\n            if(_addr.call.value(_wei)()"], "assertion_failure": [], "time_dependency": [], "integer_overflow": ["temp/tmp5975:71:13: Warning: Integer Overflow.\n            Holders[msg.sender]+=msg.value\nInteger Overflow occurs if:\n    Holders[msg.sender] = 65929741047256877651682590411864111899872006999384988348322359568949901303476\n    MinDeposit = 0"], "parity_multisig_bug_2": [], "integer_underflow": ["temp/tmp5975:96:17: Warning: Integer Underflow.\n                Holders[_addr]-=_wei\nInteger Underflow occurs if:\n    owner = 0\n    _wei = 62875154900865938574323958494606644435218151995572230869926384984661836192003\n    Holders[_addr] = 24519928653854221733733552434404946937899825954937634816"], "money_concurrency": []}, "file_path": "dataset/reentrancy/0x627fa62ccbb1c1b04ffaecd72a53e37fc0e17839.sol", "evm_code_coverage": 0.9988399071925754, "time": 2.847352981567383}