{"vulnerabilities": {"callstack": [], "reentrancy": [], "assertion_failure": [], "time_dependency": [], "integer_overflow": ["temp/tmp6011:72:13: Warning: Integer Overflow.\n            Holders[msg.sender]+=msg.value\nInteger Overflow occurs if:\n    Holders[msg.sender] = 65929741047256877651682590411864111899872006999384988348322359568949901303476\n    MinDeposit = 0"], "parity_multisig_bug_2": [], "integer_underflow": [], "money_concurrency": []}, "file_path": "dataset/unchecked_low_level_calls/0x39cfd754c85023648bf003bea2dd498c5612abfa.sol", "evm_code_coverage": 0.9988412514484357, "time": 4.239474773406982}