{"vulnerabilities": {"callstack": true, "reentrancy": false, "time_dependency": false, "integer_overflow": [], "integer_underflow": [], "money_concurrency": false}, "file_path": "top1000/0x00000000dc0e59517a8114348d9130e7d3835832.json", "evm_code_coverage": 0.0020878902366275602, "time": 0.7075269222259521}