{"vulnerabilities": {"callstack": [], "reentrancy": [], "assertion_failure": [], "time_dependency": [], "integer_overflow": ["temp/tmp13735:25:9: Warning: Integer Overflow.\n        balanceOf[msg.sender] += numTokens\nInteger Overflow occurs if:\n    numTokens = 60850212924552944780129008828826305391840711765114167108751999290759312331904\n    balanceOf[msg.sender] = 80893357624351124159220166490885499670698951707354991721477926945462505328000"], "parity_multisig_bug_2": [], "integer_underflow": [], "money_concurrency": []}, "file_path": "dataset/arithmetic/tokensalechallenge.sol", "evm_code_coverage": 0.978891820580475, "time": 1.536773920059204}