{"vulnerabilities": {"callstack": [], "reentrancy": [], "assertion_failure": [], "time_dependency": [], "integer_overflow": ["temp/tmp13735:23:6: Warning: Integer Overflow.\n     balances[_to] += _value\nInteger Overflow occurs if:\n    balances[_to] = 20022135352672938124461714826024696382170100173949661144529665842726015822720\n    _value = 96236625924349037671589617937093636656508221413905667376548472068932563390080"], "parity_multisig_bug_2": [], "integer_underflow": ["temp/tmp13735:22:6: Warning: Integer Underflow.\n     balances[msg.sender] -= _value\nInteger Underflow occurs if:\n    balances[msg.sender] = 0\n    _value = 1"], "money_concurrency": []}, "file_path": "dataset/arithmetic/token.sol", "evm_code_coverage": 0.9877675840978594, "time": 1.25618314743042}