{"vulnerabilities": {"callstack": ["temp/tmp13735:24:28: Warning: Callstack Depth Attack Vulnerability.\n        (bool success, ) = msg.sender.call.value(amountToWithdraw)(\"\")"], "reentrancy": ["temp/tmp13735:24:28: Warning: Re-Entrancy Vulnerability.\n        (bool success, ) = msg.sender.call.value(amountToWithdraw)(\"\")"], "assertion_failure": [], "time_dependency": [], "integer_overflow": ["temp/tmp13735:16:13: Warning: Integer Overflow.\n            userBalances[to] += amount\nInteger Overflow occurs if:\n    userBalances[msg.sender] = 72370055773322622139731865630429942408293740416025352524660990004945706024960\n    userBalances[to] = 58243787464014880212511826813364785262402860385754301434550077742181813616640"], "parity_multisig_bug_2": [], "integer_underflow": [], "money_concurrency": []}, "file_path": "dataset/reentrancy/reentrancy_cross_function.sol", "evm_code_coverage": 0.9852941176470589, "time": 1.420861005783081}