{"vulnerabilities": {"callstack": [], "reentrancy": [], "assertion_failure": [], "time_dependency": [], "integer_overflow": ["temp/tmp13735:21:10: Warning: Integer Overflow.\n         balances[to] += amount\nInteger Overflow occurs if:\n    balances[msg.sender] = 101318078082651670995624611882601919371611236582435493534525386006923988434944\n    balances[to] = 29655266403089866369307398298394468098582677156228114324765607452779797807105"], "parity_multisig_bug_2": [], "integer_underflow": [], "money_concurrency": []}, "file_path": "dataset/short_addresses/short_address_example.sol", "evm_code_coverage": 0.9967637540453075, "time": 1.1551868915557861}