{"vulnerabilities": {"callstack": [], "reentrancy": [], "assertion_failure": [], "time_dependency": [], "integer_overflow": ["temp/tmp21823:72:13: Warning: Integer Overflow.\n            Holders[msg.sender]+=msg.value\nInteger Overflow occurs if:\n    Holders[msg.sender] = 74406151425805694660419450601834111308989596953738909524094187632036588879872\n    MinDeposit = 27633945333829405885326353781411822311220391708660141033464041148776449"], "parity_multisig_bug_2": [], "integer_underflow": [], "money_concurrency": []}, "file_path": "dataset/unchecked_low_level_calls/0x8fd1e427396ddb511533cf9abdbebd0a7e08da35.sol", "evm_code_coverage": 0.9989035087719298, "time": 3.3754279613494873}