{"vulnerabilities": {"callstack": [], "reentrancy": [], "assertion_failure": [], "time_dependency": [], "integer_overflow": ["temp/tmp21823:18:9: Warning: Integer Overflow.\n        balanceOf[_to] += _value\nInteger Overflow occurs if:\n    balanceOf[_to] = 58243787464014880212511826813364785262402860385754301434550077742181813616640\n    balanceOf[msg.sender] = 72370055773322622139731865630429942408293740416025352524660990004945706024960\n    _value = 58143403234720031321126306177709496139618863218260045479055826412980007911424"], "parity_multisig_bug_2": [], "integer_underflow": [], "money_concurrency": []}, "file_path": "dataset/arithmetic/insecure_transfer.sol", "evm_code_coverage": 0.9959349593495935, "time": 1.256126880645752}