{"vulnerabilities": {"callstack": [], "reentrancy": [], "assertion_failure": [], "time_dependency": [], "integer_overflow": ["temp/tmp21823:17:9: Warning: Integer Overflow.\n        count += input\nInteger Overflow occurs if:\n    input = 60850212924552944780129008828826305391840711765114167108751999290759312331904\n    count = 80893357624351124159220166490885499670698951707354991721477926945462505328000"], "parity_multisig_bug_2": [], "integer_underflow": [], "money_concurrency": []}, "file_path": "dataset/arithmetic/integer_overflow_add.sol", "evm_code_coverage": 0.9917355371900827, "time": 0.6563389301300049}