{"vulnerabilities": {"callstack": [], "reentrancy": [], "assertion_failure": [], "time_dependency": ["temp/tmp21823:27:10: Warning: Timestamp Dependency.\n         require(now > lockTime[msg.sender])"], "integer_overflow": ["temp/tmp21823:17:33: Warning: Integer Overflow.\n         lockTime[msg.sender] = now + 1 weeks", "temp/tmp21823:22:10: Warning: Integer Overflow.\n         lockTime[msg.sender] += _secondsToIncrease\nInteger Overflow occurs if:\n    _secondsToIncrease = 60850212924552944780129008828826305391840711765114167108751999290759312331904\n    lockTime[msg.sender] = 80893357624351124159220166490885499670698951707354991721477926945462505328000", "temp/tmp21823:16:10: Warning: Integer Overflow.\n         balances[msg.sender] += msg.value\nInteger Overflow occurs if:\n    balances[msg.sender] = 80893357624351124159220166490885499670698951707354991721477926945462505328000"], "parity_multisig_bug_2": [], "integer_underflow": [], "money_concurrency": []}, "file_path": "dataset/arithmetic/timelock.sol", "evm_code_coverage": 0.983640081799591, "time": 2.592296838760376}