{"vulnerabilities": {"callstack": [], "reentrancy": [], "assertion_failure": [], "time_dependency": [], "integer_overflow": ["temp/tmp21823:339:47: Warning: Integer Overflow.\n        if(investStart > 1 && block.number >= investStart + (hashesSize * 5)\nInteger Overflow occurs if:\n    investStart = 115792089237316195423570985008687907853269984665640564039457584007913129558016\n    wallets[msg.sender].balance = 26959946667150639794667015087019630673637144422540574607003726807041"], "parity_multisig_bug_2": [], "integer_underflow": ["temp/tmp21823:344:26: Warning: Integer Underflow.\n\t\t        uint period = (block.number - hashFirst\nInteger Underflow occurs if:\n    wallets[msg.sender].balance = 26959946667150639794667015087019630673637144422540574607003517091841\n    hashFirst = 904625697166532776746648320380374280103671755200316906558262375061821325313\n    investStart = 1", "temp/tmp21823:345:29: Warning: Integer Underflow.\n                if(period > dividends.length - 2\nInteger Underflow occurs if:\n    wallets[msg.sender].balance = 26959946667150639794667015087019630673637144422540574607003517091841\n    hashFirst = 1\n    dividends.length = 0\n    investStart = 1", "temp/tmp21823:364:13: Warning: Integer Underflow.\n            walletBalance -= balance\nInteger Underflow occurs if:\n    walletBalance = 0\n    investStart = 1\n    wallets[msg.sender].balance = 26959946667150639794667015087019630673637144422540572481103610249217", "temp/tmp21823:723:23: Warning: Integer Underflow.\n        uint delta = (_block - hashFirst\nInteger Underflow occurs if:\n    investStart = 1\n    hashFirst = 4294967299"], "money_concurrency": [["temp/tmp21823:382:13: Warning: Transaction-Ordering Dependency.\n            msg.sender.transfer(maxpay)"], ["temp/tmp21823:372:13: Warning: Transaction-Ordering Dependency.\n            msg.sender.transfer(_amount)"]]}, "file_path": "dataset/bad_randomness/smart_billions.sol", "evm_code_coverage": 0.1550574084199016, "time": 101.56026315689087}