{"vulnerabilities": {"callstack": [], "reentrancy": [], "assertion_failure": [], "time_dependency": [], "integer_overflow": ["temp/tmp21823:22:19: Warning: Integer Overflow.\n            array[numElements++\nInteger Overflow occurs if:\n    numbers = 1\n    numElements = 115792089237316195423570985008687907853269984665640564039457584007913129639935\n    array.length = 0", "temp/tmp21823:9:1: Warning: Integer Overflow.\ncontract DosNumber {\n^\nSpanning multiple lines.\nInteger Overflow occurs if:\n    numElements = 392318858461667547739736838950479151006397215279002157597", "temp/tmp21823:20:17: Warning: Integer Overflow.\n                array.length += 1\nInteger Overflow occurs if:\n    numbers = 91343852333181432387730302044767688728495783939\n    array.length = 115792089237316195423570985008687907853269984665640564039457584007913129639935\n    numElements = 115792089237316195423570985008687907853269984665640564039457584007913129639933", "temp/tmp21823:22:13: Warning: Integer Overflow.\n            array[numElements++]\nInteger Overflow occurs if:\n    numbers = 81129638414606681695789005144064\n    numElements = 43817807206504149917239797241101852899366159101480700415361829040479996477439\n    array.length = 58295462483239689774335457414827693300586630265117335641220759201430324117664"], "parity_multisig_bug_2": [], "integer_underflow": [], "money_concurrency": []}, "file_path": "dataset/denial_of_service/dos_number.sol", "evm_code_coverage": 0.9117082533589251, "time": 59.18616700172424}