{"vulnerabilities": {"callstack": [], "reentrancy": [], "assertion_failure": [], "time_dependency": [], "integer_overflow": ["temp/tmp21823:72:13: Warning: Integer Overflow.\n            Holders[msg.sender]+=msg.value\nInteger Overflow occurs if:\n    Holders[msg.sender] = 61542968814369932819302987409453780949810772675949061127123494099783771389952\n    MinDeposit = 0"], "parity_multisig_bug_2": [], "integer_underflow": [], "money_concurrency": []}, "file_path": "dataset/unchecked_low_level_calls/0x39cfd754c85023648bf003bea2dd498c5612abfa.sol", "evm_code_coverage": 0.9988412514484357, "time": 3.1187009811401367}