{"vulnerabilities": {"callstack": false, "reentrancy": false, "time_dependency": false, "integer_overflow": [], "integer_underflow": [], "money_concurrency": false}, "file_path": "top1000/0xc00e94cb662c3520282e6f5717214004a7f26888.json", "evm_code_coverage": 0.006408676361843727, "time": 0.41532206535339355}