{"vulnerabilities": {"callstack": false, "reentrancy": false, "time_dependency": false, "integer_overflow": [], "integer_underflow": [], "money_concurrency": false}, "file_path": "top1000/0x1353f846841e8180a354586509457e78594c39fa.json", "evm_code_coverage": 0.07715044034262275, "time": 100.54662799835205}