{"vulnerabilities": {"callstack": false, "reentrancy": false, "time_dependency": false, "integer_overflow": [], "integer_underflow": [], "money_concurrency": false}, "file_path": "top1000/0x0777f76d195795268388789343068e4fcd286919.json", "evm_code_coverage": 0.4947756607252612, "time": 10.113583087921143}